feature,rf_importance,xgb_importance,avg_importance
tempo_0,0.023518952008363528,0.33210069076581433,0.17780982138708892
beat_count,0.030821663784442302,0.3054117723791437,0.168116718081793
onset_rate,0.018192523162106407,0.23964642259207639,0.1289194728770914
mfcc_std_5,0.008055292884093483,0.1282635397616435,0.0681594163228685
mfcc_mean_6,0.00730039984456817,0.11015319045294415,0.05872679514875616
energy_middle,0.0077946257846274545,0.09807853713970292,0.05293658146216519
mel_spec_std_0,0.007313136813752037,0.09782969477501782,0.05257141579438493
spectral_contrast_std_1,0.004026812823842116,0.08731733338738029,0.0456720731056112
mfcc_mean_19,0.00681623545308093,0.08359634355557236,0.04520628950432664
spectral_contrast_mean_0,0.004582419801728964,0.07704216497950256,0.04081229239061576
beat_regularity,0.005648912499440228,0.0747054624794559,0.04017718748944807
chroma_std_3,0.004436768519812399,0.0756493240848861,0.04004304630234925
mfcc_mean_10,0.0038026340972627474,0.07576951045881618,0.039786072278039465
spectral_contrast_mean_5,0.0032825683886382874,0.07437194748358293,0.03882725793611061
mfcc_std_2,0.0039196921999524,0.07120048436759548,0.03756008828377394
mfcc_mean_13,0.006250055425274029,0.06300779575990005,0.03462892559258704
chroma_mean_11,0.0033776902570567618,0.05997245174578645,0.031675071001421605
rms_delta_std,0.0019928094696322857,0.06104207673872059,0.03151744310417644
mel_spec_mean_8,0.0045572684515588656,0.056705396537753666,0.030631332494656265
chroma_std_5,0.003781987889947913,0.05615107994526625,0.02996653391760708
mfcc_std_6,0.0028442378351401527,0.05702191845259883,0.02993307814386949
mfcc_std_3,0.0045171360597340395,0.055227337066422806,0.029872236563078424
chroma_mean_5,0.0018355538608043705,0.0567683849314397,0.029301969396122035
mfcc_std_15,0.002380787463553646,0.056109104813499885,0.029244946138526767
chroma_std_8,0.0025686220121430006,0.05546048931269483,0.029014555662418916
mfcc_mean_18,0.002697511816112924,0.05492488980631937,0.02881120081121615
mfcc_std_8,0.006558428791237524,0.05042553337460214,0.028491981082919834
mfcc_std_11,0.004024223425691992,0.05120682259174911,0.027615523008720548
mfcc_mean_4,0.003356659071535976,0.05153552316848866,0.02744609112001232
mel_spec_mean_4,0.004860535314869178,0.049647857435047626,0.027254196374958402
mfcc_mean_16,0.0034835112719350356,0.050763793204995716,0.027123652238465377
mfcc_std_17,0.0029939863861670178,0.04651086176322265,0.024752424074694836
mfcc_mean_15,0.007617825808769208,0.04117574267597361,0.02439678424237141
zcr_mean,0.0019926384953948546,0.04659222938459028,0.02429243393999257
mfcc_std_18,0.0024941070926647975,0.04595862938599153,0.024226368239328163
rms_max,0.0021132898303970905,0.04597454217516563,0.02404391600278136
mel_spec_mean_12,0.0038941713056362052,0.04399870801717043,0.023946439661403317
mel_spec_mean_9,0.00453308477990831,0.04256395187059587,0.02354851832525209
onset_strength_std,0.004171226687154474,0.04289532850750468,0.023533277597329576
mfcc_std_10,0.0057092122835907585,0.041088356636464596,0.023398784460027678
chroma_std_1,0.00312313226891288,0.043332868425006214,0.023228000346959547
spectral_bandwidth_std,0.002342852016156581,0.044033966450528664,0.023188409233342623
mel_spec_mean_0,0.0034815262053926013,0.04288191195916046,0.023181719082276533
mfcc_mean_8,0.0032155777940630916,0.04297648247500712,0.023096030134535105
chroma_mean_0,0.003332156785637103,0.04215645891698924,0.02274430785131317
mel_spec_std_1,0.0036002959399671635,0.04175504711879925,0.022677671529383207
chroma_std_2,0.003095547356964376,0.042170868974856356,0.022633208165910367
mfcc_std_16,0.00155511427458489,0.04321708966215903,0.02238610196837196
mfcc_mean_17,0.003164501565177077,0.04148075746541673,0.022322629515296906
rms_mean,0.0023733399716298047,0.04166678364642642,0.022020061809028112
spectral_flatness_mean,0.0016450803440286503,0.04077423816885461,0.02120965925644163
spectral_contrast_std_2,0.0033156898104323056,0.03879626292142679,0.021055976365929548
spectral_centroid_std,0.002408377675107004,0.038741868285631594,0.020575122980369297
spectral_contrast_mean_2,0.0019824838640635075,0.037377049384469334,0.01967976662426642
mfcc_std_4,0.0017625000335298757,0.03732161968946457,0.01954205986149722
chroma_std_7,0.0020532394154537106,0.036949598738415676,0.019501419076934694
chroma_std_6,0.002034149003727448,0.03688809779387983,0.01946112339880364
spectral_contrast_mean_1,0.0036093771402455357,0.034611593508584934,0.019110485324415234
chroma_std_11,0.00259056872188622,0.03535839805210179,0.018974483386994003
chroma_std_10,0.0024144358562839027,0.035078925249928776,0.01874668055310634
mfcc_mean_14,0.0024204725747723715,0.034576407972384586,0.018498440273578477
chroma_std_0,0.0024540767601442036,0.03423976419832219,0.018346920479233197
mfcc_std_1,0.0035829494005708493,0.03174763191914694,0.017665290659858893
energy_end,0.002433549940845244,0.032481756399978294,0.017457653170411768
mfcc_mean_12,0.0018103402996873135,0.032967596357180315,0.017388968328433813
mel_spec_mean_72,0.0016494038876571095,0.03302871105684475,0.01733905747225093
mfcc_mean_2,0.0031006169650588194,0.031400723276998506,0.017250670121028662
mfcc_std_12,0.001713631430988001,0.032643398524008015,0.01717851497749801
dynamic_range,0.001698984443233874,0.03161578629673882,0.016657385369986347
mel_spec_mean_5,0.0029107748019530535,0.030379142093641513,0.016644958447797283
chroma_mean_7,0.0031054411363103914,0.02986514170400121,0.0164852914201558
spectral_contrast_std_5,0.0013683511007154836,0.03148302643305876,0.01642568876688712
mel_spec_mean_10,0.0022840029875968583,0.03012249155224047,0.016203247269918664
chroma_mean_2,0.0020206856674212935,0.029649940446357836,0.015835313056889566
spectral_rolloff_std,0.002741336995511542,0.028303739614784718,0.01552253830514813
spectral_contrast_mean_4,0.002063131195978532,0.028117892967367716,0.015090512081673123
chroma_mean_1,0.001872165223588368,0.028191125697710297,0.015031645460649333
mel_spec_mean_13,0.0016868698884953063,0.027951693373986265,0.014819281631240785
mfcc_std_7,0.0024816789810337527,0.026798671428960832,0.014640175204997292
mfcc_mean_1,0.001943754210811601,0.02691664140332829,0.014430197807069944
rms_std,0.003845066624318098,0.02461946349252354,0.01423226505842082
mel_spec_std_39,0.001044690713779923,0.027337056965651838,0.01419087383971588
mel_spec_mean_28,0.0014365499587534324,0.02679145245135508,0.014114001205054256
mfcc_mean_11,0.0025652027077090796,0.02562069867483594,0.014092950691272511
mel_spec_mean_3,0.0014277922203115552,0.026480694830586963,0.013954243525449259
spectral_bandwidth_mean,0.0009255210333257466,0.026885557602244346,0.013905539317785046
mfcc_mean_3,0.002296896353095992,0.025424527427689594,0.013860711890392794
energy_start,0.0016533542179592063,0.02553936635906046,0.013596360288509832
mfcc_std_13,0.0011598259590074565,0.025726677807555956,0.013443251883281706
mfcc_std_14,0.0009174100658735331,0.025771378772333264,0.013344394419103399
spectral_contrast_std_6,0.001754623545295378,0.02463296919383786,0.01319379636956662
spectral_contrast_mean_3,0.0012959891354584656,0.02503139991313219,0.013163694524295328
mel_spec_mean_7,0.0022277267517275745,0.024082933997058055,0.013155330374392815
mel_spec_std_103,0.0008030974321572703,0.025272454410283404,0.013037775921220338
chroma_mean_8,0.0010638321361882597,0.024834036065096207,0.012948934100642233
mel_spec_std_32,0.0008131896893350406,0.025036623997783117,0.012924906843559078
chroma_mean_4,0.0013841821192374427,0.024410629814321346,0.012897405966779395
spectral_contrast_std_0,0.0017545260539454412,0.024032354608855465,0.012893440331400453
mel_spec_mean_6,0.0015130734504564093,0.024185937786982817,0.012849505618719613
mel_spec_std_61,0.0007344356448611283,0.02491073610938408,0.012822585877122605
rms_delta_mean,0.0016014199835361884,0.023747680285437542,0.012674550134486866
mel_spec_std_12,0.0008269792264798206,0.02434393467212265,0.012585456949301235
chroma_mean_6,0.0012934376394360674,0.023721940307454628,0.012507688973445348
mel_spec_mean_1,0.0012767372993071034,0.023536075033586134,0.012406406166446619
mel_spec_std_5,0.0010076508381221692,0.023226397281343288,0.012117024059732728
mel_spec_mean_16,0.0015053038522194202,0.02246862514452501,0.011986964498372214
energy_increase_ratio,0.0011110986394550855,0.022845673840492964,0.011978386239974024
mel_spec_mean_19,0.00154882561945811,0.02233494780111042,0.011941886710284264
mfcc_std_19,0.001171174531802494,0.022339363328435204,0.01175526893011885
chroma_mean_9,0.0019606345383391052,0.020661376882344484,0.011311005710341795
mel_spec_std_17,0.00040931040725257825,0.02184279076755047,0.011126050587401523
onset_strength_mean,0.002148206715494182,0.019675933332605797,0.010912070024049989
mel_spec_std_118,0.0009757666929715823,0.020517624321986328,0.010746695507478955
mel_spec_mean_47,0.0010254675589859603,0.02038573420775885,0.010705600883372406
spectral_flatness_std,0.001856328208555823,0.019472090929577298,0.01066420956906656
mel_spec_mean_67,0.000133259095643307,0.020985521884127098,0.010559390489885202
chroma_mean_10,0.002189255051535673,0.018708647863770075,0.010448951457652874
mfcc_mean_7,0.0017208478017069302,0.019157075069167397,0.010438961435437164
mel_spec_mean_35,0.0016171233419476378,0.019220870030535894,0.010418996686241766
mel_spec_std_26,0.0006609346763801946,0.019906053531237623,0.010283494103808908
mel_spec_std_72,0.0007116833610709891,0.019784611819142647,0.010248147590106818
mel_spec_std_18,0.0003165914602199949,0.02005396436222575,0.010185277911222873
chroma_std_4,0.001715468154540306,0.018554206344891678,0.010134837249715992
mel_spec_std_109,0.0007109347840383529,0.01953273859213699,0.01012183668808767
mel_spec_std_20,0.00041937430439950487,0.019777583847330374,0.01009847907586494
mel_spec_mean_15,0.0011161034916210494,0.01891872485760938,0.010017414174615215
mel_spec_mean_53,0.0010312068619061415,0.018988765352828937,0.010009986107367539
mel_spec_std_29,0.0014844686600039901,0.018234578871422193,0.009859523765713092
mel_spec_mean_34,0.0030461618191440897,0.016487806315787813,0.009766984067465952
mel_spec_std_44,0.0009213939272518463,0.018396715929901056,0.009659054928576452
mel_spec_mean_17,0.0012073014982092387,0.018063117199662058,0.009635209348935648
spectral_contrast_mean_6,0.0016235873532675323,0.017556219615719536,0.009589903484493534
mel_spec_std_88,0.0011570322855633509,0.017989538101987404,0.009573285193775377
mel_spec_mean_31,0.0014995426904025825,0.01763815398920666,0.009568848339804622
mel_spec_std_46,0.0008761673364799126,0.018217596352439035,0.009546881844459475
mel_spec_mean_61,0.000723209676087271,0.018186729105020113,0.009454969390553692
mel_spec_std_6,0.0014876198085225347,0.01741006983105432,0.009448844819788428
mel_spec_std_45,0.0012291871574189423,0.0174928616986356,0.00936102442802727
chroma_mean_3,0.001790349337353815,0.016753389076753097,0.009271869207053456
mel_spec_mean_37,0.0003502047836857717,0.01809168238700791,0.009220943585346841
mel_spec_std_8,0.0009516602474443601,0.017428890251639215,0.009190275249541788
mel_spec_mean_65,0.0005660892390984229,0.017745813524181194,0.009155951381639809
mel_spec_mean_66,0.0009032509532374421,0.01738321332430298,0.00914323213877021
mel_spec_std_3,0.0006683614585340014,0.017364059066907925,0.009016210262720963
mel_spec_mean_91,0.000669469871617882,0.01715473932298747,0.008912104597302675
mel_spec_std_7,0.00044275338782106925,0.01734282359988852,0.008892788493854796
mel_spec_std_23,0.0010733072723156365,0.016641870712522756,0.008857588992419197
spectral_contrast_std_4,0.0012568646817751438,0.016318874433636665,0.008787869557705904
chroma_std_9,0.001329454212088628,0.01618497416546399,0.00875721418877631
mel_spec_mean_20,0.001829838766337684,0.015573830132118681,0.008701834449228183
mel_spec_mean_30,0.0007155081678578114,0.016508836510845205,0.008612172339351508
mel_spec_std_21,0.0008431711471453403,0.01633146113123406,0.0085873161391897
mel_spec_std_110,0.0008126170608235219,0.016285846348513256,0.008549231704668389
mel_spec_std_108,0.0012367458298132134,0.015799402555620127,0.00851807419271667
mel_spec_mean_115,0.0015041145910302638,0.015417267864739353,0.008460691227884808
zcr_std,0.0015005684314662792,0.015403334559364752,0.008451951495415515
mel_spec_std_13,0.0011665295105978885,0.01563580816780979,0.00840116883920384
mel_spec_mean_11,0.0010235923279164865,0.015522957906465639,0.008273275117191062
mel_spec_std_78,0.0011706928289222636,0.015223983950404958,0.00819733838966361
mel_spec_mean_33,0.001968187492390539,0.014331599528139288,0.008149893510264914
mel_spec_std_89,0.0010358946471594047,0.01517399184575135,0.008104943246455377
mfcc_mean_0,0.0008198693278027764,0.015259146267040209,0.008039507797421493
mel_spec_std_24,0.0008470488359833081,0.015122942499477755,0.00798499566773053
mel_spec_std_27,0.0009394815586321759,0.014806308487260883,0.00787289502294653
mel_spec_std_9,0.0010961141231005036,0.014519765719094059,0.007807939921097282
mel_spec_mean_21,0.0015241876382794486,0.013898772949522192,0.00771148029390082
mel_spec_mean_23,0.0012373267512532662,0.013985098127953031,0.007611212439603149
spectral_contrast_std_3,0.001190890900777952,0.01400388747623021,0.007597389188504081
mel_spec_std_75,0.0005374454374439758,0.014641916971992363,0.0075896812047181695
mel_spec_std_4,0.0007645454238943614,0.01439837144095112,0.00758145843242274
mel_spec_mean_2,0.0006943638991173272,0.013872005384076725,0.007283184641597026
mel_spec_std_52,0.0005379256342738062,0.013991108079525557,0.007264516856899682
mel_spec_mean_18,0.0017567193421914372,0.012753275646404787,0.007254997494298112
mel_spec_mean_24,0.001520773710488693,0.012887172612615606,0.00720397316155215
mel_spec_mean_73,0.0014905949649424743,0.01291533847424117,0.007202966719591823
mfcc_std_9,0.0007160271776559534,0.01366463087668473,0.007190329027170342
mel_spec_std_22,0.0008531072531499854,0.013516455846415325,0.0071847815497826555
mel_spec_mean_90,0.0005555487571762746,0.013603737112134695,0.007079642934655485
mel_spec_std_37,0.0005875468664695723,0.013376281871883706,0.0069819143691766394
mfcc_mean_5,0.0010757951828800157,0.01284554638815197,0.006960670785515993
mel_spec_std_116,0.0005524748998144641,0.012995141219686378,0.006773808059750421
mel_spec_mean_14,0.0010461981577511276,0.012441547587513924,0.006743872872632526
mel_spec_mean_116,0.0006881977856406355,0.01278560403311117,0.006736900909375903
mel_spec_mean_109,0.0006899161488935238,0.01276871587403796,0.0067293160114657415
mel_spec_mean_40,0.0007254678658079363,0.012703272260048172,0.006714370062928054
mel_spec_mean_32,0.0009190985155577241,0.0124667121774771,0.006692905346517412
mel_spec_std_16,0.0005955988751056796,0.01264938779852607,0.006622493336815875
mel_spec_std_19,0.0005855703977686518,0.012632626489820805,0.006609098443794728
mel_spec_std_25,0.000598194832778465,0.01248175972564654,0.006539977279212503
mel_spec_mean_22,0.001392088650587416,0.011579257351430979,0.006485673001009197
mel_spec_std_28,0.0007831446446658251,0.01200260878117247,0.006392876712919148
mel_spec_mean_26,0.0007066627357677446,0.011885375461795113,0.006296019098781428
mel_spec_std_50,0.0005288742138495488,0.011852021794766188,0.006190448004307869
mel_spec_std_117,0.0007012651862577224,0.011672964065589687,0.006187114625923705
mel_spec_mean_38,0.00042325536040153255,0.011720860144123435,0.006072057752262484
mel_spec_std_11,0.0005843043653944656,0.011378215562382882,0.005981259963888674
spectral_rolloff_mean,0.0009070653613967813,0.01097458948127248,0.0059408274213346305
mfcc_mean_9,0.0012687243518033923,0.010587213031778281,0.005927968691790837
mel_spec_mean_46,0.001037235626278435,0.010651195718144829,0.005844215672211632
mel_spec_std_42,0.0006700398342000285,0.01092433315617117,0.005797186495185599
mel_spec_std_10,0.0009446999250375334,0.010580957253378901,0.005762828589208217
mel_spec_std_77,0.0009038772799282985,0.010621484538370913,0.0057626809091496055
mel_spec_std_65,0.00041086478518241875,0.011051996441727335,0.005731430613454877
mel_spec_mean_92,0.0007241555036041363,0.01071238433095542,0.005718269917279778
mel_spec_mean_69,0.0004480183443011459,0.010887265882708809,0.005667642113504978
mel_spec_std_33,0.00041068646981252054,0.010842806913635948,0.0056267466917242345
mel_spec_std_53,0.00040054179802016446,0.010385280559686098,0.005392911178853131
mel_spec_mean_83,0.00015364765503717866,0.010440404018895193,0.005297025836966186
mel_spec_mean_113,0.0006808068909448042,0.009883977938443422,0.005282392414694114
mel_spec_std_87,0.0008951708898483185,0.009668759451332417,0.005281965170590368
mel_spec_mean_58,0.00048641552753457817,0.01006045603108677,0.005273435779310674
mel_spec_mean_55,0.0012850626020885379,0.009162110318853096,0.0052235864604708165
mel_spec_std_30,0.0004433425026637424,0.009902587922459299,0.00517296521256152
mel_spec_std_76,0.0007860488356395639,0.009492858651686798,0.005139453743663181
mel_spec_mean_71,0.0008971117003389698,0.009355474136431109,0.005126292918385039
mel_spec_mean_117,0.000710037441612164,0.009508634875105186,0.005109336158358675
mel_spec_mean_25,0.0012716491568918688,0.008902096443555572,0.005086872800223721
mel_spec_std_106,0.0007389814894043566,0.009432676205919548,0.0050858288476619525
mel_spec_std_14,0.0006926629849668525,0.009388518667864528,0.00504059082641569
mel_spec_mean_56,0.00095622134337799,0.009012419476427815,0.004984320409902902
mel_spec_std_31,0.00039249876559022665,0.009527856611054052,0.004960177688322139
mel_spec_std_112,0.0009353489026380533,0.008975944608788599,0.004955646755713326
mel_spec_std_79,0.00038839617335671033,0.009441999697380445,0.004915197935368577
mel_spec_mean_118,0.0008855952081234659,0.008937375154346228,0.004911485181234847
mel_spec_std_74,0.0003816163926241552,0.009235726055604491,0.004808671224114323
mel_spec_mean_45,0.00014654213375859388,0.009274222295392643,0.0047103822145756185
mel_spec_std_81,0.0006191342236720024,0.008688813541084528,0.0046539738823782656
mel_spec_std_51,0.0002767749729891653,0.009014959955079989,0.004645867464034577
mel_spec_std_105,0.0006679170150348577,0.008573874746533957,0.004620895880784407
mel_spec_std_68,0.00044595191528619074,0.008672716752202674,0.004559334333744432
mel_spec_mean_80,0.0001810390520480774,0.008654865139926022,0.004417952095987049
mel_spec_std_49,0.00047231741675172296,0.00833025752482089,0.004401287470786307
mel_spec_mean_121,0.0002321864049876486,0.008501339619132605,0.004366763012060126
mel_spec_mean_27,0.001341105711015776,0.007239582006480883,0.00429034385874833
mel_spec_std_80,0.0005614537770078982,0.007993711179799655,0.004277582478403777
mel_spec_std_100,0.0005859063150707541,0.007909198418598284,0.004247552366834519
mel_spec_std_94,0.0008120718430151161,0.007621916264972903,0.00421699405399401
spectral_centroid_mean,0.0006017271708441542,0.007711914071643894,0.004156820621244024
mel_spec_std_41,0.00045076481403087036,0.007840697568925943,0.004145731191478407
mel_spec_mean_89,0.0005316002089147214,0.007750016785311428,0.004140808497113075
mel_spec_std_104,0.0008247661358729966,0.007454343732785095,0.004139554934329046
mel_spec_mean_42,0.0004033758884598121,0.007853346241807396,0.004128361065133604
mel_spec_std_69,0.0001397516106416307,0.00806511989371343,0.004102435752177531
mel_spec_std_91,0.0007531066056750834,0.007451384476470676,0.00410224554107288
mel_spec_std_83,0.00041376498103539236,0.007709596390751275,0.004061680685893334
mel_spec_mean_114,0.0010641444598042489,0.007032731632617387,0.004048438046210818
mel_spec_std_84,0.0005004877446462834,0.007556696337732402,0.004028592041189343
mel_spec_mean_84,0.0003857683024582991,0.007631097666241906,0.0040084329843501024
mel_spec_std_2,0.0015361382911694616,0.006388539109717716,0.003962338700443589
mel_spec_std_107,0.00040257675920619783,0.007390039041638374,0.003896307900422286
mel_spec_mean_97,0.00013455897828096175,0.007599907503886657,0.003867233241083809
mel_spec_std_96,0.0003841383642207598,0.007253170987083154,0.0038186546756519566
mel_spec_std_47,0.0006652402967992446,0.00689483391629024,0.0037800371065447426
mel_spec_mean_29,0.0009020671989841869,0.006607664791359143,0.003754865995171665
mel_spec_mean_111,0.0008272322379098276,0.006669035308401693,0.0037481337731557606
mel_spec_mean_60,0.0007808884377373274,0.006599202222952788,0.003690045330345058
mel_spec_std_43,0.0006346488289598913,0.006725790148431604,0.0036802194886957477
mel_spec_mean_36,0.0006236233757548299,0.006698994473977523,0.0036613089248661765
mel_spec_mean_51,0.0006250768506387287,0.006680047054859725,0.003652561952749227
mel_spec_std_34,0.0004480061443969636,0.006852407389405099,0.0036502067669010314
mel_spec_mean_106,0.0005155916500660973,0.006765339523553848,0.003640465586809973
mel_spec_std_58,0.0005420382984235991,0.006618180989541791,0.003580109643982695
mel_spec_std_67,0.0007625953937686691,0.00638847880658101,0.0035755371001748395
mel_spec_std_40,0.000611188617384317,0.006530653473667123,0.00357092104552572
mel_spec_std_95,0.0005432354389147011,0.006573626729236407,0.003558431084075554
mel_spec_mean_43,0.0005356298873696969,0.006551123901524327,0.003543376894447012
mel_spec_std_70,0.00025500312045023937,0.006824977187947793,0.003539990154199016
mel_spec_std_86,0.0006923906012853919,0.006125704724002968,0.00340904766264418
mel_spec_mean_126,0.00018446744975692046,0.006537737864577634,0.0033611026571672776
mel_spec_mean_108,0.0004394632838218542,0.006213564933700995,0.003326514108761425
mel_spec_mean_49,0.00028667944831902505,0.006353087850253691,0.003319883649286358
mel_spec_mean_124,0.00037038891279375544,0.006241769709793682,0.0033060793112937186
mel_spec_std_99,0.0006809202198034899,0.005630870095708154,0.003155895157755822
mel_spec_mean_93,0.0003484067175298163,0.0058757716112516145,0.0031120891643907156
mel_spec_std_119,0.00047616524322895154,0.005665314785966819,0.003070740014597885
mel_spec_mean_75,0.00015892491875931986,0.005923174766146324,0.003041049842452822
mel_spec_mean_57,0.00046670712548909537,0.005562888458371162,0.0030147977919301287
mel_spec_mean_39,0.0005187501585146145,0.005503505553034219,0.0030111278557744168
mel_spec_std_111,0.0008245793602991883,0.00510575266724283,0.0029651660137710095
mel_spec_std_64,0.00048558402444070934,0.0054230577820404005,0.002954320903240555
mel_spec_std_66,0.0004892338994206298,0.005247007928449999,0.002868120913935314
mel_spec_mean_50,0.0005806361638755103,0.005151664245535027,0.0028661502047052684
mel_spec_mean_103,0.0002809973639296479,0.005392990837042982,0.002836994100486315
mel_spec_mean_63,0.000741670415763269,0.004907145291905512,0.0028244078538343905
mel_spec_mean_120,0.00011683026958530063,0.0054485893554308195,0.00278270981250806
mel_spec_std_71,0.00030284856637469604,0.005152645605531606,0.002727747085953151
mel_spec_std_62,0.00026221685193351214,0.005162960511039604,0.0027125886814865583
mel_spec_std_90,0.000773083268895754,0.004650095223703168,0.002711589246299461
mel_spec_mean_54,0.0002455724184806005,0.005161652934144844,0.002703612676312722
mel_spec_std_48,0.00023515311755481692,0.005171759519726038,0.0027034563186404273
mel_spec_mean_64,0.00047219150013568174,0.00488253039392558,0.0026773609470306307
mel_spec_mean_107,0.0005498496381602483,0.0048022236336361275,0.002676036635898188
mel_spec_std_114,0.0006077072576254683,0.004727770637890155,0.0026677389477578117
mel_spec_mean_112,0.0006595958659869604,0.004610282157293775,0.0026349390116403677
mel_spec_mean_68,0.00036557907828041556,0.00480062383311716,0.0025831014556987877
mel_spec_std_55,0.0009007618845400977,0.004177555653520606,0.0025391587690303517
mel_spec_mean_77,0.0003791461878465596,0.004630942320959134,0.002505044254402847
mel_spec_mean_110,0.0006852361707429277,0.0042824188501320104,0.0024838275104374693
mel_spec_mean_123,0.000128882018214979,0.004781668074429035,0.0024552750463220072
mel_spec_std_82,0.0003092286795370915,0.00458620171147314,0.0024477151955051156
mel_spec_mean_78,0.0003339263787614417,0.004487951645966281,0.002410939012363861
mel_spec_mean_41,0.00013543782095193685,0.004614501344886693,0.002374969582919315
mel_spec_std_92,0.00038669753673417227,0.004362152148546143,0.0023744248426401573
mel_spec_mean_119,0.0004702514716028319,0.004251687618141825,0.0023609695448723283
mel_spec_std_63,0.00012563303903622805,0.004587359662929719,0.0023564963509829736
mel_spec_std_36,0.00034640090471339504,0.004349070685830983,0.002347735795272189
mel_spec_std_73,0.0004537856031349206,0.0042061795565215025,0.0023299825798282115
mel_spec_mean_62,0.0003912218155409793,0.004216670735993169,0.002303946275767074
mel_spec_std_15,0.00033325539620884174,0.004245328759266572,0.002289292077737707
mel_spec_mean_44,0.0007951014720937971,0.003768010901033201,0.002281556186563499
mel_spec_std_54,0.00020198176318645243,0.004257114688781175,0.0022295482259838137
mel_spec_mean_74,0.00032552328375117596,0.004121830432929776,0.002223676858340476
mfcc_std_0,0.0005521942032138002,0.0038823736196553164,0.0022172839114345585
mel_spec_mean_79,0.00024454070185944574,0.0040900717828084125,0.0021673062423339293
mel_spec_std_113,0.0007312821064090133,0.0035345292734828863,0.00213290568994595
mel_spec_std_121,0.0004993628785868688,0.0036015206609259953,0.0020504417697564323
mel_spec_std_93,0.000365261561951709,0.0036935313943434844,0.0020293964781475968
mel_spec_std_60,0.0004376503853006678,0.0035415350628847427,0.001989592724092705
mel_spec_std_85,0.00023382470587497792,0.003682280403815887,0.0019580525548454327
mel_spec_mean_101,0.00024234814265587797,0.0036644224839454346,0.0019533853133006564
mel_spec_std_126,0.0003843216424452033,0.0034885496663098984,0.0019364356543775509
mel_spec_mean_104,0.0006810106934719491,0.0031368013640696354,0.0019089060287707923
mel_spec_mean_76,0.00040923733928312065,0.003228775839405981,0.0018190065893445508
mel_spec_std_102,0.0004842818654635676,0.003011628392745148,0.0017479551291043579
mel_spec_std_35,0.0005200600064513764,0.0028787857260216365,0.0016994228662365065
mel_spec_mean_48,0.0009451742872942082,0.002407706935297359,0.0016764406112957835
mel_spec_mean_52,0.0004360834297524707,0.0028459338513626294,0.00164100864055755
mel_spec_mean_87,0.000373054574310371,0.0028128583322871814,0.001592956453298776
mel_spec_std_122,0.0004489508771036406,0.0025672446936368942,0.0015080977853702674
mel_spec_std_98,0.000949601604581525,0.0020644267893988977,0.0015070141969902113
mel_spec_mean_85,0.0005455955610281039,0.0023677896877581425,0.0014566926243931232
mel_spec_std_115,0.0005804714252998278,0.0022855288433757696,0.0014330001343377987
mel_spec_mean_105,0.00030573273575776083,0.0025226886130192065,0.0014142106743884836
mel_spec_mean_59,0.0005204932540907015,0.002272508699785579,0.0013965009769381404
mel_spec_mean_86,0.0006756201860147297,0.0020077631131491876,0.0013416916495819586
mel_spec_std_97,0.0006596636134429044,0.0018395256801423702,0.0012495946467926374
mel_spec_std_120,0.0003459814419468056,0.002121762711216103,0.0012338720765814543
mel_spec_std_38,0.000392670337699041,0.00206764338707382,0.0012301568623864305
mel_spec_std_57,0.00016504610273323809,0.0022940458306534724,0.0012295459666933552
mel_spec_mean_94,0.000023638851729427062,0.0023394081402908673,0.001181523496010147
mel_spec_mean_70,0.0003829073798826566,0.0018683172423731196,0.001125612311127888
mel_spec_std_124,0.00008398237009231527,0.0021542260550301185,0.0011191042125612168
mel_spec_mean_99,0.00007410820569722804,0.002161609326404604,0.001117858766050916
mel_spec_mean_96,0.00010568038698534591,0.001946030565622178,0.001025855476303762
mel_spec_mean_98,0.000062480212923316,0.001819171519442038,0.0009408258661826771
mel_spec_mean_88,0.0010515192992399337,0.0007689780640331181,0.0009102486816365259
mel_spec_mean_100,0.00021978712161040365,0.0014668203551660884,0.000843303738388246
mel_spec_mean_95,0.00023592002019420365,0.0014405932108109648,0.0008382566155025842
mel_spec_mean_125,0.0003528221524231409,0.0012227116702971134,0.0007877669113601272
mel_spec_mean_122,0.00036371898708550536,0.0011941516263918443,0.0007789353067386748
mel_spec_mean_82,0.00012826252699458442,0.0011623629622838714,0.0006453127446392279
mel_spec_std_123,0.00036966628597186657,0.0007316320287910374,0.000550649157381452
mel_spec_std_59,0.00024408292183682742,0.0007184839553453705,0.000481283438591099
mel_spec_std_101,0.00018099768266670373,0.0007810408926822922,0.000481019287674498
mel_spec_std_125,0.00021153462935384943,0.0007433026859706098,0.0004774186576622296
mel_spec_mean_102,0.00011944643915017535,0.0005129659548401833,0.0003162061969951793
mel_spec_std_56,0.0004886715277954146,0.0,0.0002443357638977073
mel_spec_mean_81,0.0002802970640337512,0.0,0.0001401485320168756
mel_spec_mean_127,0.0,0.0,0.0
mel_spec_std_127,0.0,0.0,0.0
